<?xml version="1.0" encoding="UTF-8"?>
<!DOCTYPE mapper PUBLIC "-//mybatis.org//DTD Mapper 3.0//EN" "http://mybatis.org/dtd/mybatis-3-mapper.dtd">
<mapper namespace="lt.vu.mybatis.dao.PlayerMapper">
  <resultMap id="BaseResultMap" type="lt.vu.mybatis.model.Player">
    <!--
      WARNING - @mbg.generated
      This element is automatically generated by MyBatis Generator, do not modify.
      This element was generated on Sun Mar 03 13:45:02 EET 2019.
    -->
    <id column="ID" jdbcType="INTEGER" property="id" />
    <result column="NAME" jdbcType="VARCHAR" property="name" />
    <result column="TEAM_ID" jdbcType="INTEGER" property="teamId" />
  </resultMap>
  <delete id="deleteByPrimaryKey" parameterType="java.lang.Integer">
    <!--
      WARNING - @mbg.generated
      This element is automatically generated by MyBatis Generator, do not modify.
      This element was generated on Sun Mar 03 13:45:02 EET 2019.
    -->
    delete from PUBLIC.PLAYER
    where ID = #{id,jdbcType=INTEGER}
  </delete>
  <insert id="insert" keyColumn="ID" keyProperty="id" parameterType="lt.vu.mybatis.model.Player" useGeneratedKeys="true">
    <!--
      WARNING - @mbg.generated
      This element is automatically generated by MyBatis Generator, do not modify.
      This element was generated on Sun Mar 03 13:45:02 EET 2019.
    -->
    insert into PUBLIC.PLAYER (NAME, TEAM_ID)
    values (#{name,jdbcType=VARCHAR}, #{teamId,jdbcType=INTEGER})
  </insert>
  <update id="updateByPrimaryKey" parameterType="lt.vu.mybatis.model.Player">
    <!--
      WARNING - @mbg.generated
      This element is automatically generated by MyBatis Generator, do not modify.
      This element was generated on Sun Mar 03 13:45:02 EET 2019.
    -->
    update PUBLIC.PLAYER
    set NAME = #{name,jdbcType=VARCHAR},
      TEAM_ID = #{teamId,jdbcType=INTEGER}
    where ID = #{id,jdbcType=INTEGER}
  </update>
  <select id="selectByPrimaryKey" parameterType="java.lang.Integer" resultMap="BaseResultMap">
    <!--
      WARNING - @mbg.generated
      This element is automatically generated by MyBatis Generator, do not modify.
      This element was generated on Sun Mar 03 13:45:02 EET 2019.
    -->
    select ID, NAME, TEAM_ID
    from PUBLIC.PLAYER
    where ID = #{id,jdbcType=INTEGER}
  </select>
  <select id="selectAll" resultMap="BaseResultMap">
    <!--
      WARNING - @mbg.generated
      This element is automatically generated by MyBatis Generator, do not modify.
      This element was generated on Sun Mar 03 13:45:02 EET 2019.
    -->
    select ID, NAME, TEAM_ID
    from PUBLIC.PLAYER
  </select>
</mapper>